region,transactions,approved_rate
Middle East,308,0.6168831168831169
Latin America,303,0.6501650165016502
North America,302,0.5927152317880795
Europe,298,0.6476510067114094
Asia Pacific,289,0.5743944636678201
